,t,v,throttle,brake
0,0.0,0.0,0.715,0.0
1,0.01,0.0,0.715,0.0
2,0.02,5.226807502367592e-07,0.715,0.0
3,0.03,8.736234349271399e-07,0.715,0.0
4,0.04,1.0315828831153342e-06,0.715,0.0
5,0.05,1.3673713965545178e-06,0.715,0.0
6,0.06,1.6961972733042783e-06,0.715,0.0
7,0.07,2.0163870431133546e-06,0.715,0.0
8,0.08,1.9533867998688947e-06,0.715,0.0
9,0.09,2.066188926619361e-06,0.715,0.0
10,0.1,2.1609466784866527e-06,0.715,0.0
11,0.11,0.0,0.715,0.0
12,0.12,0.04053143784403801,0.715,0.0
13,0.13,0.028853021562099457,0.715,0.0
14,0.14,0.033863626420497894,0.715,0.0
15,0.15,0.03131917119026184,0.715,0.0
16,0.16,0.03653687983751297,0.715,0.0
17,0.17,0.034380979835987084,0.715,0.0
18,0.18,0.04065454378724098,0.715,0.0
19,0.19,0.03957786411046982,0.715,0.0
20,0.2,0.05017370730638504,0.715,0.0
21,0.21,0.06363983452320099,0.715,0.0
22,0.22,0.1006082519888878,0.715,0.0
23,0.23,0.13283714652061462,0.715,0.0
24,0.24,0.17302532494068146,0.715,0.0
25,0.25,0.21241217851638794,0.715,0.0
26,0.26,0.2395986318588257,0.715,0.0
27,0.27,0.25754693150520325,0.715,0.0
28,0.28,0.2887391149997711,0.715,0.0
29,0.29,0.3189350962638855,0.715,0.0
30,0.3,0.3493907451629639,0.715,0.0
31,0.31,0.3736614286899567,0.715,0.0
32,0.32,0.39808788895607,0.715,0.0
33,0.33,0.4361751973628998,0.715,0.0
34,0.34,0.4661195278167725,0.715,0.0
35,0.35,0.5263768434524536,0.715,0.0
36,0.36,0.5870842337608337,0.715,0.0
37,0.37,0.642910897731781,0.715,0.0
38,0.38,0.6947023868560791,0.715,0.0
39,0.39,0.7432505488395691,0.715,0.0
40,0.4,0.7890946865081787,0.715,0.0
41,0.41,0.8327231407165527,0.715,0.0
42,0.42,0.874489963054657,0.715,0.0
43,0.43,0.914703130722046,0.715,0.0
44,0.44,0.9535985589027404,0.715,0.0
45,0.45,0.991374969482422,0.715,0.0
46,0.46,1.0281929969787598,0.715,0.0
47,0.47,1.0641849040985107,0.715,0.0
48,0.48,1.099459528923035,0.715,0.0
49,0.49,1.1341085433959959,0.715,0.0
50,0.5,1.1682074069976809,0.715,0.0
51,0.51,1.2018203735351562,0.715,0.0
52,0.52,1.2350012063980105,0.715,0.0
53,0.53,1.2677960395812988,0.715,0.0
54,0.54,1.3002442121505735,0.715,0.0
55,0.55,1.3323792219161987,0.715,0.0
56,0.56,1.3642305135726929,0.715,0.0
57,0.57,1.3958228826522827,0.715,0.0
58,0.58,1.4271785020828247,0.715,0.0
59,0.59,1.4583168029785156,0.715,0.0
60,0.6,1.489254593849182,0.715,0.0
61,0.61,1.5200066566467283,0.715,0.0
62,0.62,1.550586223602295,0.715,0.0
63,0.63,1.5810052156448364,0.715,0.0
64,0.64,1.6112738847732544,0.715,0.0
65,0.65,1.6414010524749756,0.715,0.0
66,0.66,1.6713955402374268,0.715,0.0
67,0.67,1.7012648582458496,0.715,0.0
68,0.68,1.7310153245925903,0.715,0.0
69,0.69,1.7606536149978638,0.715,0.0
70,0.7,1.7901841402053833,0.715,0.0
71,0.71,1.8196128606796265,0.715,0.0
72,0.72,1.8489435911178589,0.715,0.0
73,0.73,1.8781805038452148,0.715,0.0
74,0.74,1.907327651977539,0.715,0.0
75,0.75,1.9363882541656492,0.715,0.0
76,0.76,1.9653650522232056,0.715,0.0
77,0.77,1.9942610263824463,0.715,0.0
78,0.78,2.0230786800384517,0.715,0.0
79,0.79,2.051820039749145,0.715,0.0
80,0.8,2.0804877281188965,0.715,0.0
81,0.81,2.10908317565918,0.715,0.0
82,0.82,2.137609004974365,0.715,0.0
83,0.83,2.166066169738769,0.715,0.0
84,0.84,2.1944565773010254,0.715,0.0
85,0.85,2.2227814197540283,0.715,0.0
86,0.86,2.251041889190674,0.715,0.0
87,0.87,2.279238700866699,0.715,0.0
88,0.88,2.3073740005493164,0.715,0.0
89,0.89,2.335448265075684,0.715,0.0
90,0.9,2.363462209701538,0.715,0.0
91,0.91,2.3914172649383545,0.715,0.0
92,0.92,2.419313669204712,0.715,0.0
93,0.93,2.447152614593506,0.715,0.0
94,0.94,2.4749341011047363,0.715,0.0
95,0.95,2.502659320831299,0.715,0.0
96,0.96,2.5303289890289307,0.715,0.0
97,0.97,2.557943344116211,0.715,0.0
98,0.98,2.5855028629302983,0.715,0.0
99,0.99,2.613008737564087,0.715,0.0
100,1.0,2.640460252761841,0.715,0.0
101,1.01,2.667858123779297,0.715,0.0
102,1.02,2.6952040195465092,0.715,0.0
103,1.03,2.72249698638916,0.715,0.0
104,1.04,2.749737501144409,0.715,0.0
105,1.05,2.776926279067993,0.715,0.0
106,1.06,2.804063081741333,0.715,0.0
107,1.07,2.8311495780944824,0.715,0.0
108,1.08,2.858184814453125,0.715,0.0
109,1.09,2.88516902923584,0.715,0.0
110,1.1,2.912102222442627,0.715,0.0
111,1.11,2.938985586166382,0.715,0.0
112,1.12,2.9658191204071045,0.715,0.0
113,1.13,2.992602825164795,0.715,0.0
114,1.14,3.019336223602295,0.715,0.0
115,1.15,3.046020984649658,0.715,0.0
116,1.16,3.0726559162139893,0.715,0.0
117,1.17,3.099242210388184,0.715,0.0
118,1.18,3.125779390335083,0.715,0.0
119,1.19,3.1522669792175293,0.715,0.0
120,1.2,3.1787071228027344,0.715,0.0
121,1.21,3.2050981521606445,0.715,0.0
122,1.22,3.2314414978027344,0.715,0.0
123,1.23,3.2577362060546875,0.715,0.0
124,1.24,3.283982753753662,0.715,0.0
125,1.25,3.3101816177368164,0.715,0.0
126,1.26,3.3363325595855717,0.715,0.0
127,1.27,3.362436056137085,0.715,0.0
128,1.28,3.3884921073913574,0.715,0.0
129,1.29,3.4144976139068604,0.715,0.0
130,1.3,3.4404475688934326,0.715,0.0
131,1.31,3.4663381576538086,0.715,0.0
132,1.32,3.49216365814209,0.715,0.0
133,1.33,3.517920732498169,0.715,0.0
134,1.34,3.5436055660247803,0.715,0.0
135,1.35,3.5692155361175537,0.715,0.0
136,1.36,3.59474778175354,0.715,0.0
137,1.37,3.6202001571655273,0.715,0.0
138,1.38,3.6455678939819336,0.715,0.0
139,1.39,3.67085075378418,0.715,0.0
140,1.4,3.6960463523864746,0.715,0.0
141,1.41,3.7211527824401855,0.715,0.0
142,1.42,3.746168851852417,0.715,0.0
143,1.43,3.7710931301116943,0.715,0.0
144,1.44,3.795922994613648,0.715,0.0
145,1.45,3.8206593990325928,0.715,0.0
146,1.46,3.8452999591827393,0.715,0.0
147,1.47,3.8698439598083496,0.715,0.0
148,1.48,3.89428973197937,0.715,0.0
149,1.49,3.918637990951538,0.715,0.0
150,1.5,3.942887544631958,0.715,0.0
151,1.51,3.967037916183472,0.715,0.0
152,1.52,3.9910871982574463,0.715,0.0
153,1.53,4.015037536621094,0.715,0.0
154,1.54,4.038886547088623,0.715,0.0
155,1.55,4.062633991241455,0.715,0.0
156,1.56,4.086280822753906,0.715,0.0
157,1.57,4.10982608795166,0.715,0.0
158,1.58,4.133269786834717,0.715,0.0
159,1.59,4.156611442565918,0.715,0.0
160,1.6,4.1798505783081055,0.715,0.0
161,1.61,4.2029876708984375,0.715,0.0
162,1.62,4.226022720336913,0.715,0.0
163,1.63,4.248956203460693,0.715,0.0
164,1.64,4.271787643432616,0.715,0.0
165,1.65,4.2945170402526855,0.715,0.0
166,1.66,4.317144870758057,0.715,0.0
167,1.67,4.3396711349487305,0.715,0.0
168,1.68,4.362095355987549,0.715,0.0
169,1.69,4.384418487548828,0.715,0.0
170,1.7,4.40664005279541,0.715,0.0
171,1.71,4.428761005401611,0.715,0.0
172,1.72,4.450781345367432,0.715,0.0
173,1.73,4.472700595855713,0.715,0.0
174,1.74,4.494519233703613,0.715,0.0
175,1.75,4.5162386894226065,0.715,0.0
176,1.76,4.537857532501222,0.715,0.0
177,1.77,4.559377193450928,0.715,0.0
178,1.78,4.58079719543457,0.715,0.0
179,1.79,4.602118015289307,0.715,0.0
180,1.8,4.623340129852295,0.715,0.0
181,1.81,4.64446496963501,0.715,0.0
182,1.82,4.665491104125977,0.715,0.0
183,1.83,4.686419486999512,0.715,0.0
184,1.84,4.707250118255615,0.715,0.0
185,1.85,4.727984428405762,0.715,0.0
186,1.86,4.748621463775635,0.715,0.0
187,1.87,4.769162654876709,0.715,0.0
188,1.88,4.789607048034668,0.715,0.0
189,1.89,4.809956073760986,0.715,0.0
190,1.9,4.830209732055664,0.715,0.0
191,1.91,4.8503684997558585,0.715,0.0
192,1.92,4.8704328536987305,0.715,0.0
193,1.93,4.890403270721436,0.715,0.0
194,1.94,4.910280227661133,0.715,0.0
195,1.95,4.930063247680664,0.715,0.0
196,1.96,4.949753284454347,0.715,0.0
197,1.97,4.96934986114502,0.715,0.0
198,1.98,4.98885440826416,0.715,0.0
199,1.99,5.0082669258117685,0.715,0.0
200,2.0,5.027728080749512,0.715,0.0
201,2.01,5.046977043151856,0.715,0.0
202,2.02,5.066139221191406,0.715,0.0
203,2.03,5.085207939147949,0.715,0.0
204,2.04,5.104182720184326,0.715,0.0
205,2.05,5.12306547164917,0.715,0.0
206,2.06,5.141858577728272,0.715,0.0
207,2.07,5.160559177398682,0.715,0.0
208,2.08,5.179170608520508,0.715,0.0
209,2.09,5.197691917419434,0.715,0.0
210,2.1,5.21612548828125,0.715,0.0
211,2.11,5.234468460083008,0.715,0.0
212,2.12,5.252725124359131,0.715,0.0
213,2.13,5.270893573760986,0.715,0.0
214,2.14,5.288975715637207,0.715,0.0
215,2.15,5.306970119476318,0.715,0.0
216,2.16,5.324877738952637,0.715,0.0
217,2.17,5.342700481414795,0.715,0.0
218,2.18,5.360436916351318,0.715,0.0
219,2.19,5.378089427947998,0.715,0.0
220,2.2,5.395658493041992,0.715,0.0
221,2.21,5.413142204284668,0.715,0.0
222,2.22,5.4305419921875,0.715,0.0
223,2.23,5.447858333587647,0.715,0.0
224,2.24,5.465092182159424,0.715,0.0
225,2.25,5.482243061065674,0.715,0.0
226,2.26,5.499311923980713,0.715,0.0
227,2.27,5.5162997245788565,0.715,0.0
228,2.28,5.533205986022949,0.715,0.0
229,2.29,5.5500311851501465,0.715,0.0
230,2.3,5.5667757987976065,0.715,0.0
231,2.31,5.583439350128174,0.715,0.0
232,2.32,5.600023746490479,0.715,0.0
233,2.33,5.61652946472168,0.715,0.0
234,2.34,5.632956027984619,0.715,0.0
235,2.35,5.649303436279298,0.715,0.0
236,2.36,5.665571689605713,0.715,0.0
237,2.37,5.6817626953125,0.715,0.0
238,2.38,5.6978759765625,0.715,0.0
239,2.39,5.713912010192871,0.715,0.0
240,2.4,5.729872703552246,0.715,0.0
241,2.41,5.745756149291992,0.715,0.0
242,2.42,5.761562824249268,0.715,0.0
243,2.43,5.777293682098389,0.715,0.0
244,2.44,5.79295015335083,0.715,0.0
245,2.45,5.808530807495117,0.715,0.0
246,2.46,5.824037551879883,0.715,0.0
247,2.47,5.8394694328308105,0.715,0.0
248,2.48,5.8548264503479,0.715,0.0
249,2.49,5.870110511779785,0.715,0.0
250,2.5,5.8853211402893075,0.715,0.0
251,2.51,5.900458812713622,0.715,0.0
252,2.52,5.915524959564209,0.715,0.0
253,2.53,5.930516719818115,0.715,0.0
254,2.54,5.945437431335449,0.715,0.0
255,2.55,5.960287570953369,0.715,0.0
256,2.56,5.975066184997559,0.715,0.0
257,2.57,5.9897727966308585,0.715,0.0
258,2.58,6.004409790039063,0.715,0.0
259,2.59,6.018975257873535,0.715,0.0
260,2.6,6.0334715843200675,0.715,0.0
261,2.61,6.047897815704347,0.715,0.0
262,2.62,6.062256336212157,0.715,0.0
263,2.63,6.076544761657715,0.715,0.0
264,2.64,6.090764045715332,0.715,0.0
265,2.65,6.1049156188964835,0.715,0.0
266,2.66,6.118999004364014,0.715,0.0
267,2.67,6.13301420211792,0.715,0.0
268,2.68,6.146962642669678,0.715,0.0
269,2.69,6.160844802856445,0.715,0.0
270,2.7,6.174659252166747,0.715,0.0
271,2.71,6.188406944274902,0.715,0.0
272,2.72,6.202089309692383,0.715,0.0
273,2.73,6.215705871582031,0.715,0.0
274,2.74,6.229256629943848,0.715,0.0
275,2.75,6.242743492126465,0.715,0.0
276,2.76,6.256162643432617,0.715,0.0
277,2.77,6.269519329071045,0.715,0.0
278,2.78,6.282811641693115,0.715,0.0
279,2.79,6.2960405349731445,0.715,0.0
280,2.8,6.309204578399657,0.715,0.0
281,2.81,6.322305679321289,0.715,0.0
282,2.82,6.335344314575195,0.715,0.0
283,2.83,6.348319053649902,0.715,0.0
284,2.84,6.361231327056885,0.715,0.0
285,2.85,6.374081134796143,0.715,0.0
286,2.86,6.386868953704834,0.715,0.0
287,2.87,6.399595737457275,0.715,0.0
288,2.88,6.412261009216309,0.715,0.0
289,2.89,6.424866199493407,0.715,0.0
290,2.9,6.437409400939941,0.715,0.0
291,2.91,6.449892520904541,0.715,0.0
292,2.92,6.462315559387207,0.715,0.0
293,2.93,6.474678039550781,0.715,0.0
294,2.94,6.486982345581055,0.715,0.0
295,2.95,6.4992265701293945,0.715,0.0
296,2.96,6.511412143707275,0.715,0.0
297,2.97,6.523538112640381,0.715,0.0
298,2.98,6.535605430603027,0.715,0.0
299,2.99,6.547616004943848,0.715,0.0
300,3.0,6.559566974639893,0.715,0.0
301,3.01,6.571461200714111,0.715,0.0
302,3.02,6.583295822143555,0.715,0.0
303,3.03,6.595076084136963,0.715,0.0
304,3.04,6.6067986488342285,0.715,0.0
305,3.05,6.61846399307251,0.715,0.0
306,3.06,6.630073070526122,0.715,0.0
307,3.07,6.641626834869385,0.715,0.0
308,3.08,6.653124809265138,0.715,0.0
309,3.09,6.664566993713379,0.715,0.0
310,3.1,6.6759538650512695,0.715,0.0
311,3.11,6.68728494644165,0.715,0.0
312,3.12,6.698561191558838,0.715,0.0
313,3.13,6.709784507751465,0.715,0.0
314,3.14,6.7209529876708975,0.715,0.0
315,3.15,6.732068538665772,0.715,0.0
316,3.16,6.7431278228759775,0.715,0.0
317,3.17,6.754135608673097,0.715,0.0
318,3.18,6.7650885581970215,0.715,0.0
319,3.19,6.775989055633545,0.715,0.0
320,3.2,6.786837577819824,0.715,0.0
321,3.21,6.797632694244385,0.715,0.0
322,3.22,6.808376789093018,0.715,0.0
323,3.23,6.81906795501709,0.715,0.0
324,3.24,6.8297080993652335,0.715,0.0
325,3.25,6.84029483795166,0.715,0.0
326,3.26,6.850831031799316,0.715,0.0
327,3.27,6.86131763458252,0.715,0.0
328,3.28,6.871752262115479,0.715,0.0
329,3.29,6.882136821746826,0.715,0.0
330,3.3,6.892470359802246,0.715,0.0
331,3.31,6.902753829956055,0.715,0.0
332,3.32,6.9129881858825675,0.715,0.0
333,3.33,6.923172473907472,0.715,0.0
334,3.34,6.933308124542236,0.715,0.0
335,3.35,6.943394660949707,0.715,0.0
336,3.36,6.95343017578125,0.715,0.0
337,3.37,6.963418960571289,0.715,0.0
338,3.38,6.973359107971191,0.715,0.0
339,3.39,6.9832515716552725,0.715,0.0
340,3.4,6.993095397949219,0.715,0.0
341,3.41,7.00289249420166,0.715,0.0
342,3.42,7.012641429901122,0.715,0.0
343,3.43,7.022343635559082,0.715,0.0
344,3.44,7.031996250152588,0.715,0.0
345,3.45,7.041604518890381,0.715,0.0
346,3.46,7.0511651039123535,0.715,0.0
347,3.47,7.060679912567139,0.715,0.0
348,3.48,7.07014799118042,0.715,0.0
349,3.49,7.079570293426514,0.715,0.0
350,3.5,7.088945865631104,0.715,0.0
351,3.51,7.098277568817139,0.715,0.0
352,3.52,7.1075639724731445,0.715,0.0
353,3.53,7.116804599761963,0.715,0.0
354,3.54,7.12600040435791,0.715,0.0
355,3.55,7.135151386260986,0.715,0.0
356,3.56,7.144258975982666,0.715,0.0
357,3.57,7.153321266174316,0.715,0.0
358,3.58,7.16234016418457,0.715,0.0
359,3.59,7.171315670013428,0.715,0.0
360,3.6,7.180245876312256,0.715,0.0
361,3.61,7.189133644104004,0.715,0.0
362,3.62,7.19797945022583,0.715,0.0
363,3.63,7.206780433654785,0.715,0.0
364,3.64,7.21553897857666,0.715,0.0
365,3.65,7.224255084991455,0.715,0.0
366,3.66,7.232930183410644,0.715,0.0
367,3.67,7.241560935974121,0.715,0.0
368,3.68,7.25015115737915,0.715,0.0
369,3.69,7.258699893951416,0.715,0.0
370,3.7,7.267205238342285,0.715,0.0
371,3.71,7.275670051574707,0.715,0.0
372,3.72,7.28409481048584,0.715,0.0
373,3.73,7.2924766540527335,0.715,0.0
374,3.74,7.300820350646973,0.715,0.0
375,3.75,7.309122085571289,0.715,0.0
376,3.76,7.317381858825684,0.715,0.0
377,3.77,7.325603485107423,0.715,0.0
378,3.78,7.333785057067871,0.715,0.0
379,3.79,7.341926574707031,0.715,0.0
380,3.8,7.350028038024902,0.715,0.0
381,3.81,7.358089923858643,0.715,0.0
382,3.82,7.3661136627197275,0.715,0.0
383,3.83,7.374098300933838,0.715,0.0
384,3.84,7.3820414543151855,0.715,0.0
385,3.85,7.38994836807251,0.715,0.0
386,3.86,7.397817134857178,0.715,0.0
387,3.87,7.4056453704833975,0.715,0.0
388,3.88,7.413437366485597,0.715,0.0
389,3.89,7.421189785003662,0.715,0.0
390,3.9,7.428905963897705,0.715,0.0
391,3.91,7.436583518981934,0.715,0.0
392,3.92,7.444225311279298,0.715,0.0
393,3.93,7.451828956604004,0.715,0.0
394,3.94,7.459394931793213,0.715,0.0
395,3.95,7.4669246673583975,0.715,0.0
396,3.96,7.474416732788086,0.715,0.0
397,3.97,7.481873989105225,0.715,0.0
398,3.98,7.4892940521240225,0.715,0.0
399,3.99,7.496678352355957,0.715,0.0
400,4.0,7.504025936126709,0.715,0.0
401,4.01,7.511337757110597,0.715,0.0
402,4.02,7.518613338470459,0.715,0.0
403,4.03,7.525855541229247,0.715,0.0
404,4.04,7.533060550689697,0.715,0.0
405,4.05,7.540231227874756,0.715,0.0
406,4.06,7.547366619110107,0.715,0.0
407,4.07,7.5544681549072275,0.715,0.0
408,4.08,7.561534404754639,0.715,0.0
409,4.09,7.56856632232666,0.715,0.0
410,4.1,7.575562477111816,0.715,0.0
411,4.11,7.582526206970215,0.715,0.0
412,4.12,7.589454650878906,0.715,0.0
413,4.13,7.59635066986084,0.715,0.0
414,4.14,7.603213310241699,0.715,0.0
415,4.15,7.610042095184326,0.715,0.0
416,4.16,7.616837024688722,0.715,0.0
417,4.17,7.623599052429199,0.715,0.0
418,4.18,7.630328178405763,0.715,0.0
419,4.19,7.63702392578125,0.715,0.0
420,4.2,7.643687725067139,0.715,0.0
421,4.21,7.650318622589111,0.715,0.0
422,4.22,7.656917095184326,0.715,0.0
423,4.23,7.663481712341309,0.715,0.0
424,4.24,7.670016288757324,0.715,0.0
425,4.25,7.676518440246582,0.715,0.0
426,4.26,7.6829891204833975,0.715,0.0
427,4.27,7.68942928314209,0.715,0.0
428,4.28,7.695835590362549,0.715,0.0
429,4.29,7.702212810516357,0.715,0.0
430,4.3,7.708558082580566,0.715,0.0
431,4.31,7.714871883392334,0.715,0.0
432,4.32,7.721156597137451,0.715,0.0
433,4.33,7.727409362792969,0.715,0.0
434,4.34,7.733630657196045,0.715,0.0
435,4.35,7.739822387695312,0.715,0.0
436,4.36,7.745983600616455,0.715,0.0
437,4.37,7.752116680145264,0.715,0.0
438,4.38,7.758218288421631,0.715,0.0
439,4.39,7.764289379119872,0.715,0.0
440,4.4,7.770331859588622,0.715,0.0
441,4.41,7.776343822479247,0.715,0.0
442,4.42,7.782326698303223,0.715,0.0
443,4.43,7.788280487060548,0.715,0.0
444,4.44,7.794205188751222,0.715,0.0
445,4.45,7.800099849700928,0.715,0.0
446,4.46,7.805967330932617,0.715,0.0
447,4.47,7.811805248260497,0.715,0.0
448,4.48,7.817614555358888,0.715,0.0
449,4.49,7.823397636413574,0.715,0.0
450,4.5,7.829150199890138,0.715,0.0
451,4.51,7.8348751068115225,0.715,0.0
452,4.52,7.8405723571777335,0.715,0.0
453,4.53,7.846241474151611,0.715,0.0
454,4.54,7.851881980895996,0.715,0.0
455,4.55,7.857497215270996,0.715,0.0
456,4.56,7.8630828857421875,0.715,0.0
457,4.57,7.868641376495361,0.715,0.0
458,4.58,7.874172687530518,0.715,0.0
459,4.59,7.879677772521973,0.715,0.0
460,4.6,7.88515567779541,0.715,0.0
461,4.61,7.890607833862305,0.715,0.0
462,4.62,7.896031379699707,0.715,0.0
463,4.63,7.901428699493407,0.715,0.0
464,4.64,7.906800270080566,0.715,0.0
465,4.65,7.912144660949707,0.715,0.0
466,4.66,7.917463302612305,0.715,0.0
467,4.67,7.922755718231201,0.715,0.0
468,4.68,7.928022861480713,0.715,0.0
469,4.69,7.9332637786865225,0.715,0.0
470,4.7,7.938479423522949,0.715,0.0
471,4.71,7.943669319152832,0.715,0.0
472,4.72,7.948833465576173,0.715,0.0
473,4.73,7.953972816467285,0.715,0.0
474,4.74,7.959086894989014,0.715,0.0
475,4.75,7.96417760848999,0.715,0.0
476,4.76,7.969241619110107,0.715,0.0
477,4.77,7.974280834197997,0.715,0.0
478,4.78,7.979295253753662,0.715,0.0
479,4.79,7.984286308288574,0.715,0.0
480,4.8,7.9892520904541025,0.715,0.0
481,4.81,7.994194984436035,0.715,0.0
482,4.82,7.999110698699951,0.715,0.0
483,4.83,8.004005432128906,0.715,0.0
484,4.84,8.008874893188478,0.715,0.0
485,4.85,8.01371955871582,0.715,0.0
486,4.86,8.018542289733888,0.715,0.0
487,4.87,8.023341178894043,0.715,0.0
488,4.88,8.028115272521973,0.715,0.0
489,4.89,8.032866477966309,0.715,0.0
490,4.9,8.037593841552733,0.715,0.0
491,4.91,8.042298316955566,0.715,0.0
492,4.92,8.046979904174805,0.715,0.0
493,4.93,8.051637649536133,0.715,0.0
494,4.94,8.056273460388184,0.715,0.0
495,4.95,8.060886383056639,0.715,0.0
496,4.96,8.06547737121582,0.715,0.0
497,4.97,8.070046424865723,0.715,0.0
498,4.98,8.074591636657715,0.715,0.0
499,4.99,8.079115867614746,0.715,0.0
500,5.0,8.083617210388184,0.715,0.0
501,5.01,8.088095664978027,0.715,0.0
502,5.02,8.09255313873291,0.715,0.0
503,5.03,8.096988677978517,0.715,0.0
504,5.04,8.101402282714844,0.715,0.0
505,5.05,8.105794906616211,0.715,0.0
506,5.06,8.110165596008299,0.715,0.0
507,5.07,8.11451530456543,0.715,0.0
508,5.08,8.118842124938965,0.715,0.0
509,5.09,8.123148918151855,0.715,0.0
510,5.1,8.127436637878418,0.715,0.0
511,5.11,8.13170051574707,0.715,0.0
512,5.12,8.135944366455076,0.715,0.0
513,5.13,8.140166282653809,0.715,0.0
514,5.14,8.144368171691895,0.715,0.0
515,5.15,8.148550033569336,0.715,0.0
516,5.16,8.152711868286133,0.715,0.0
517,5.17,8.156851768493652,0.715,0.0
518,5.18,8.160972595214844,0.715,0.0
519,5.19,8.165072441101074,0.715,0.0
520,5.2,8.16915225982666,0.715,0.0
521,5.21,8.173213005065918,0.715,0.0
522,5.22,8.177252769470215,0.715,0.0
523,5.23,8.181273460388184,0.715,0.0
524,5.24,8.185274124145508,0.715,0.0
525,5.25,8.189254760742188,0.715,0.0
526,5.26,8.193215370178223,0.715,0.0
527,5.27,8.197159767150879,0.715,0.0
528,5.28,8.201082229614258,0.715,0.0
529,5.29,8.204985618591309,0.715,0.0
530,5.3,8.208870887756348,0.715,0.0
531,5.31,8.212735176086426,0.715,0.0
532,5.32,8.216580390930176,0.715,0.0
533,5.33,8.22040843963623,0.715,0.0
534,5.34,8.224216461181639,0.715,0.0
535,5.35,8.228007316589355,0.715,0.0
536,5.36,8.231778144836426,0.715,0.0
537,5.37,8.235530853271483,0.715,0.0
538,5.38,8.239265441894531,0.715,0.0
539,5.39,8.242981910705566,0.715,0.0
540,5.4,8.24668025970459,0.715,0.0
541,5.41,8.250360488891603,0.715,0.0
542,5.42,8.254021644592285,0.715,0.0
543,5.43,8.257665634155272,0.715,0.0
544,5.44,8.26129150390625,0.715,0.0
545,5.45,8.264899253845215,0.715,0.0
546,5.46,8.268489837646483,0.715,0.0
547,5.47,8.272063255310059,0.715,0.0
548,5.48,8.275619506835938,0.715,0.0
549,5.49,8.279156684875487,0.715,0.0
550,5.5,8.28267765045166,0.715,0.0
551,5.51,8.28618049621582,0.715,0.0
552,5.52,8.289666175842285,0.715,0.0
553,5.53,8.293134689331055,0.715,0.0
554,5.54,8.296586990356445,0.715,0.0
555,5.55,8.300022125244139,0.715,0.0
556,5.56,8.303439140319824,0.715,0.0
557,5.57,8.306840896606445,0.715,0.0
558,5.58,8.310225486755371,0.715,0.0
559,5.59,8.313593864440918,0.715,0.0
560,5.6,8.316944122314451,0.715,0.0
561,5.61,8.320279121398926,0.715,0.0
562,5.62,8.323598861694336,0.715,0.0
563,5.63,8.326899528503418,0.715,0.0
564,5.64,8.330184936523438,0.715,0.0
565,5.65,8.333455085754395,0.715,0.0
566,5.66,8.336709022521973,0.715,0.0
567,5.67,8.339946746826174,0.715,0.0
568,5.68,8.343169212341309,0.715,0.0
569,5.69,8.346375465393066,0.715,0.0
570,5.7,8.349566459655763,0.715,0.0
571,5.71,8.352741241455076,0.715,0.0
572,5.72,8.355899810791017,0.715,0.0
573,5.73,8.359044075012207,0.715,0.0
574,5.74,8.36217212677002,0.715,0.0
575,5.75,8.36528491973877,0.715,0.0
576,5.76,8.368383407592772,0.715,0.0
577,5.77,8.371465682983397,0.715,0.0
578,5.78,8.374532699584961,0.715,0.0
579,5.79,8.377585411071777,0.715,0.0
580,5.8,8.380623817443848,0.715,0.0
581,5.81,8.383646011352539,0.715,0.0
582,5.82,8.386652946472168,0.715,0.0
583,5.83,8.389645576477049,0.715,0.0
584,5.84,8.392623901367188,0.715,0.0
585,5.85,8.395586967468263,0.715,0.0
586,5.86,8.39853572845459,0.715,0.0
587,5.87,8.401469230651855,0.715,0.0
588,5.88,8.404389381408691,0.715,0.0
589,5.89,8.407295227050781,0.715,0.0
590,5.9,8.410186767578125,0.715,0.0
591,5.91,8.413063049316406,0.715,0.0
592,5.92,8.415925979614258,0.715,0.0
593,5.93,8.418774604797362,0.715,0.0
594,5.94,8.421608924865723,0.715,0.0
595,5.95,8.424429893493652,0.715,0.0
596,5.96,8.427236557006836,0.715,0.0
597,5.97,8.43002986907959,0.715,0.0
598,5.98,8.432808876037598,0.715,0.0
599,5.99,8.435576438903809,0.715,0.0
600,6.0,8.438327789306639,0.715,0.0
601,6.01,8.441067695617676,0.715,0.0
602,6.02,8.443792343139647,0.715,0.0
603,6.03,8.446504592895508,0.715,0.0
604,6.04,8.449202537536621,0.715,0.0
605,6.05,8.451888084411621,0.715,0.0
606,6.06,8.454559326171875,0.715,0.0
607,6.07,8.457218170166017,0.715,0.0
608,6.08,8.459864616394043,0.715,0.0
609,6.09,8.462497711181639,0.715,0.0
610,6.1,8.465117454528809,0.715,0.0
611,6.11,8.467726707458496,0.715,0.0
612,6.12,8.470320701599121,0.715,0.0
613,6.13,8.472902297973633,0.715,0.0
614,6.14,8.475470542907715,0.715,0.0
615,6.15,8.478026390075684,0.715,0.0
616,6.16,8.480569839477539,0.715,0.0
617,6.17,8.483100891113281,0.715,0.0
618,6.18,8.48561954498291,0.715,0.0
619,6.19,8.488125801086426,0.715,0.0
620,6.2,8.490619659423826,0.715,0.0
621,6.21,8.493102073669434,0.715,0.0
622,6.22,8.495572090148926,0.715,0.0
623,6.23,8.498028755187987,0.715,0.0
624,6.24,8.50047492980957,0.715,0.0
625,6.25,8.502907752990723,0.715,0.0
626,6.26,8.505329132080076,0.715,0.0
627,6.27,8.507739067077638,0.715,0.0
628,6.28,8.510135650634767,0.715,0.0
629,6.29,8.512521743774414,0.715,0.0
630,6.3,8.514896392822267,0.715,0.0
631,6.31,8.517258644104004,0.715,0.0
632,6.32,8.519609451293945,0.715,0.0
633,6.33,8.52194881439209,0.715,0.0
634,6.34,8.524276733398438,0.715,0.0
635,6.35,8.526593208312987,0.715,0.0
636,6.36,8.528897285461426,0.715,0.0
637,6.37,8.531190872192383,0.715,0.0
638,6.38,8.533473014831543,0.715,0.0
639,6.39,8.535744667053223,0.715,0.0
640,6.4,8.538004875183105,0.715,0.0
641,6.41,8.540252685546875,0.715,0.0
642,6.42,8.54249095916748,0.715,0.0
643,6.43,8.544717788696289,0.715,0.0
644,6.44,8.546933174133299,0.715,0.0
645,6.45,8.549138069152832,0.715,0.0
646,6.46,8.551332473754883,0.715,0.0
647,6.47,8.553515434265138,0.715,0.0
648,6.48,8.55568790435791,0.715,0.0
649,6.49,8.557849884033201,0.715,0.0
650,6.5,8.560000419616701,0.715,0.0
651,6.51,8.562141418457031,0.715,0.0
652,6.52,8.564271926879883,0.715,0.0
653,6.53,8.566390991210938,0.715,0.0
654,6.54,8.568500518798826,0.715,0.0
655,6.55,8.570599555969237,0.715,0.0
656,6.56,8.572688102722168,0.715,0.0
657,6.57,8.57476806640625,0.715,0.0
658,6.58,8.576835632324219,0.715,0.0
659,6.59,8.578893661499022,0.715,0.0
660,6.6,8.580941200256348,0.715,0.0
661,6.61,8.582978248596191,0.715,0.0
662,6.62,8.585005760192871,0.715,0.0
663,6.63,8.587023735046388,0.715,0.0
664,6.64,8.589030265808105,0.715,0.0
665,6.65,8.591028213500978,0.715,0.0
666,6.66,8.593014717102049,0.715,0.0
667,6.67,8.59499454498291,0.715,0.0
668,6.68,8.59696102142334,0.715,0.0
669,6.69,8.598922729492188,0.715,0.0
670,6.7,8.600869178771973,0.715,0.0
671,6.71,8.602808952331543,0.715,0.0
672,6.72,8.604738235473633,0.715,0.0
673,6.73,8.606658935546875,0.715,0.0
674,6.74,8.60857105255127,0.715,0.0
675,6.75,8.6104736328125,0.715,0.0
676,6.76,8.61236572265625,0.715,0.0
677,6.77,8.61424732208252,0.715,0.0
678,6.78,8.616121292114258,0.715,0.0
679,6.79,8.617985725402832,0.715,0.0
680,6.8,8.619841575622559,0.715,0.0
681,6.81,8.621688842773438,0.715,0.0
682,6.82,8.623525619506836,0.715,0.0
683,6.83,8.625351905822754,0.715,0.0
684,6.84,8.627170562744139,0.715,0.0
685,6.85,8.628981590270996,0.715,0.0
686,6.86,8.630783081054688,0.715,0.0
687,6.87,8.632576942443848,0.715,0.0
688,6.88,8.634359359741211,0.715,0.0
689,6.89,8.636134147644043,0.715,0.0
690,6.9,8.637899398803711,0.715,0.0
691,6.91,8.639657020568848,0.715,0.0
692,6.92,8.64140510559082,0.715,0.0
693,6.93,8.643147468566895,0.715,0.0
694,6.94,8.644877433776855,0.715,0.0
695,6.95,8.646599769592285,0.715,0.0
696,6.96,8.648314476013184,0.715,0.0
697,6.97,8.650021553039549,0.715,0.0
698,6.98,8.651719093322754,0.715,0.0
699,6.99,8.653409004211426,0.715,0.0
700,7.0,8.65509033203125,0.715,0.0
701,7.01,8.65676212310791,0.715,0.0
702,7.02,8.658427238464355,0.715,0.0
703,7.03,8.660083770751951,0.715,0.0
704,7.04,8.661731719970701,0.715,0.0
705,7.05,8.663371086120605,0.715,0.0
706,7.06,8.665003776550293,0.715,0.0
707,7.07,8.666627883911133,0.715,0.0
708,7.08,8.668243408203125,0.715,0.0
709,7.09,8.669851303100586,0.715,0.0
710,7.1,8.671450614929201,0.715,0.0
711,7.11,8.673043251037598,0.715,0.0
712,7.12,8.674627304077147,0.715,0.0
713,7.13,8.676203727722168,0.715,0.0
714,7.14,8.677773475646973,0.715,0.0
715,7.15,8.67933464050293,0.715,0.0
716,7.16,8.680887222290039,0.715,0.0
717,7.17,8.682433128356934,0.715,0.0
718,7.18,8.68397045135498,0.715,0.0
719,7.19,8.685501098632812,0.715,0.0
720,7.2,8.687024116516112,0.715,0.0
721,7.21,8.688539505004883,0.715,0.0
722,7.22,8.690048217773438,0.715,0.0
723,7.23,8.691549301147461,0.715,0.0
724,7.24,8.693041801452638,0.715,0.0
725,7.25,8.694527626037598,0.715,0.0
726,7.26,8.696006774902344,0.715,0.0
727,7.27,8.697478294372559,0.715,0.0
728,7.28,8.698943138122559,0.715,0.0
729,7.29,8.700399398803711,0.715,0.0
730,7.3,8.701848983764647,0.715,0.0
731,7.31,8.703291893005371,0.715,0.0
732,7.32,8.704726219177246,0.715,0.0
733,7.33,8.706154823303223,0.715,0.0
734,7.34,8.707575798034668,0.715,0.0
735,7.35,8.708991050720215,0.715,0.0
736,7.36,8.71039867401123,0.715,0.0
737,7.37,8.711798667907715,0.715,0.0
738,7.38,8.713192939758299,0.715,0.0
739,7.39,8.714579582214355,0.715,0.0
740,7.4,8.715959548950195,0.715,0.0
741,7.41,8.717331886291504,0.715,0.0
742,7.42,8.718698501586914,0.715,0.0
743,7.43,8.720058441162111,0.715,0.0
744,7.44,8.72141170501709,0.715,0.0
745,7.45,8.722757339477539,0.715,0.0
746,7.46,8.724096298217772,0.715,0.0
747,7.47,8.725429534912111,0.715,0.0
748,7.48,8.72675609588623,0.715,0.0
749,7.49,8.728075981140138,0.715,0.0
750,7.5,8.729389190673826,0.715,0.0
751,7.51,8.730696678161621,0.715,0.0
752,7.52,8.731996536254883,0.715,0.0
753,7.53,8.733290672302246,0.715,0.0
754,7.54,8.734579086303711,0.715,0.0
755,7.55,8.735859870910645,0.715,0.0
756,7.56,8.73713493347168,0.715,0.0
757,7.57,8.7384033203125,0.715,0.0
758,7.58,8.739666938781737,0.715,0.0
759,7.59,8.740922927856445,0.715,0.0
760,7.6,8.742173194885254,0.715,0.0
761,7.61,8.743417739868164,0.715,0.0
762,7.62,8.744655609130861,0.715,0.0
763,7.63,8.74588680267334,0.715,0.0
764,7.64,8.747112274169924,0.715,0.0
765,7.65,8.748332023620605,0.715,0.0
766,7.66,8.749546051025389,0.715,0.0
767,7.67,8.750753402709961,0.715,0.0
768,7.68,8.751955032348633,0.715,0.0
769,7.69,8.753150939941406,0.715,0.0
770,7.7,8.754341125488281,0.715,0.0
771,7.71,8.755524635314941,0.715,0.0
772,7.72,8.756702423095701,0.715,0.0
773,7.73,8.757875442504883,0.715,0.0
774,7.74,8.759041786193848,0.715,0.0
775,7.75,8.76020336151123,0.715,0.0
776,7.76,8.761358261108397,0.715,0.0
777,7.77,8.762508392333983,0.715,0.0
778,7.78,8.763652801513674,0.715,0.0
779,7.79,8.764790534973145,0.715,0.0
780,7.8,8.765923500061035,0.715,0.0
781,7.81,8.767049789428711,0.715,0.0
782,7.82,8.768171310424805,0.715,0.0
783,7.83,8.769288063049316,0.715,0.0
784,7.84,8.770398139953612,0.715,0.0
785,7.85,8.771501541137695,0.715,0.0
786,7.86,8.772601127624513,0.715,0.0
787,7.87,8.773695945739746,0.715,0.0
788,7.88,8.774784088134767,0.715,0.0
789,7.89,8.775869369506836,0.715,0.0
790,7.9,8.776946067810059,0.715,0.0
791,7.91,8.778018951416017,0.715,0.0
792,7.92,8.779085159301758,0.715,0.0
793,7.93,8.780147552490233,0.715,0.0
794,7.94,8.781204223632812,0.715,0.0
795,7.95,8.782257080078125,0.715,0.0
796,7.96,8.783303260803223,0.715,0.0
797,7.97,8.784344673156737,0.715,0.0
798,7.98,8.785380363464355,0.715,0.0
799,7.99,8.786412239074707,0.715,0.0
800,8.0,8.78743839263916,0.715,0.0
801,8.01,8.788459777832031,0.715,0.0
802,8.02,8.78947639465332,0.715,0.0
803,8.03,8.790487289428711,0.715,0.0
804,8.04,8.791492462158201,0.715,0.0
805,8.05,8.79249382019043,0.715,0.0
806,8.06,8.793489456176758,0.715,0.0
807,8.07,8.79448127746582,0.715,0.0
808,8.08,8.795468330383299,0.715,0.0
809,8.09,8.796449661254883,0.715,0.0
810,8.1,8.797428131103516,0.715,0.0
811,8.11,8.798399925231934,0.715,0.0
812,8.12,8.799365997314453,0.715,0.0
813,8.13,8.800328254699707,0.715,0.0
814,8.14,8.801285743713379,0.715,0.0
815,8.15,8.802237510681152,0.715,0.0
816,8.16,8.80318546295166,0.715,0.0
817,8.17,8.804128646850586,0.715,0.0
818,8.18,8.805068016052246,0.715,0.0
819,8.19,8.806001663208008,0.715,0.0
820,8.2,8.80693244934082,0.715,0.0
821,8.21,8.807857513427734,0.715,0.0
822,8.22,8.808777809143066,0.715,0.0
823,8.23,8.809694290161133,0.715,0.0
824,8.24,8.8106050491333,0.715,0.0
825,8.25,8.811511993408203,0.715,0.0
826,8.26,8.812414169311523,0.715,0.0
827,8.27,8.813311576843262,0.715,0.0
828,8.28,8.814204216003418,0.715,0.0
829,8.29,8.815093040466309,0.715,0.0
830,8.3,8.815978050231934,0.715,0.0
831,8.31,8.81685733795166,0.715,0.0
832,8.32,8.817733764648438,0.715,0.0
833,8.33,8.81860637664795,0.715,0.0
834,8.34,8.819474220275879,0.715,0.0
835,8.35,8.820337295532227,0.715,0.0
836,8.36,8.821195602416992,0.715,0.0
837,8.37,8.822050094604492,0.715,0.0
838,8.38,8.82289981842041,0.715,0.0
839,8.39,8.823745727539062,0.715,0.0
840,8.4,8.824588775634766,0.715,0.0
841,8.41,8.82542610168457,0.715,0.0
842,8.42,8.826260566711426,0.715,0.0
843,8.43,8.827089309692383,0.715,0.0
844,8.44,8.82791519165039,0.715,0.0
845,8.45,8.828737258911133,0.715,0.0
846,8.46,8.829554557800293,0.715,0.0
847,8.47,8.830368041992188,0.715,0.0
848,8.48,8.831178665161133,0.715,0.0
849,8.49,8.83198356628418,0.715,0.0
850,8.5,8.832784652709961,0.715,0.0
851,8.51,8.83358097076416,0.715,0.0
852,8.52,8.83437442779541,0.715,0.0
853,8.53,8.835164070129395,0.715,0.0
854,8.54,8.835949897766113,0.715,0.0
855,8.55,8.83673095703125,0.715,0.0
856,8.56,8.837509155273438,0.715,0.0
857,8.57,8.838284492492676,0.715,0.0
858,8.58,8.839054107666016,0.715,0.0
859,8.59,8.839820861816406,0.715,0.0
860,8.6,8.840583801269531,0.715,0.0
861,8.61,8.84134292602539,0.715,0.0
862,8.62,8.8420991897583,0.715,0.0
863,8.63,8.842850685119629,0.715,0.0
864,8.64,8.843598365783691,0.715,0.0
865,8.65,8.844342231750488,0.715,0.0
866,8.66,8.845083236694336,0.715,0.0
867,8.67,8.845819473266602,0.715,0.0
868,8.68,8.846552848815918,0.715,0.0
869,8.69,8.847281455993652,0.715,0.0
870,8.7,8.848008155822754,0.715,0.0
871,8.71,8.84873104095459,0.715,0.0
872,8.72,8.84945011138916,0.715,0.0
873,8.73,8.850165367126465,0.715,0.0
874,8.74,8.85087776184082,0.715,0.0
875,8.75,8.85158634185791,0.715,0.0
876,8.76,8.852291107177734,0.715,0.0
877,8.77,8.85299301147461,0.715,0.0
878,8.78,8.853691101074219,0.715,0.0
879,8.79,8.854385375976562,0.715,0.0
880,8.8,8.855076789855957,0.715,0.0
881,8.81,8.855764389038086,0.715,0.0
882,8.82,8.856449127197266,0.715,0.0
883,8.83,8.857129096984863,0.715,0.0
884,8.84,8.857807159423828,0.715,0.0
885,8.85,8.858480453491211,0.715,0.0
886,8.86,8.859151840209961,0.715,0.0
887,8.87,8.859820365905762,0.715,0.0
888,8.88,8.86048412322998,0.715,0.0
889,8.89,8.86114501953125,0.715,0.0
890,8.9,8.86180305480957,0.715,0.0
891,8.91,8.862458229064941,0.715,0.0
892,8.92,8.863109588623047,0.715,0.0
893,8.93,8.863758087158203,0.715,0.0
894,8.94,8.864402770996094,0.715,0.0
895,8.95,8.865044593811035,0.715,0.0
896,8.96,8.865682601928711,0.715,0.0
897,8.97,8.866317749023438,0.715,0.0
898,8.98,8.866950035095215,0.715,0.0
899,8.99,8.867579460144043,0.715,0.0
900,9.0,8.868206024169922,0.715,0.0
901,9.01,8.868828773498535,0.715,0.0
902,9.02,8.8694486618042,0.715,0.0
903,9.03,8.870064735412598,0.715,0.0
904,9.04,8.870678901672363,0.715,0.0
905,9.05,8.87129020690918,0.715,0.0
906,9.06,8.87189769744873,0.715,0.0
907,9.07,8.872503280639648,0.715,0.0
908,9.08,8.8731050491333,0.715,0.0
909,9.09,8.87370491027832,0.715,0.0
910,9.1,8.874300956726074,0.715,0.0
911,9.11,8.874894142150879,0.715,0.0
912,9.12,8.875484466552734,0.715,0.0
913,9.13,8.876070976257324,0.715,0.0
914,9.14,8.876654624938965,0.715,0.0
915,9.15,8.877236366271973,0.715,0.0
916,9.16,8.877814292907715,0.715,0.0
917,9.17,8.878389358520508,0.715,0.0
918,9.18,8.878962516784668,0.715,0.0
919,9.19,8.879532814025879,0.715,0.0
920,9.2,8.88010025024414,0.715,0.0
921,9.21,8.880664825439453,0.715,0.0
922,9.22,8.881227493286133,0.715,0.0
923,9.23,8.88178539276123,0.715,0.0
924,9.24,8.882341384887695,0.715,0.0
925,9.25,8.882895469665527,0.715,0.0
926,9.26,8.883445739746094,0.715,0.0
927,9.27,8.883994102478027,0.715,0.0
928,9.28,8.884539604187012,0.715,0.0
929,9.29,8.885082244873047,0.715,0.0
930,9.3,8.885622024536133,0.715,0.0
931,9.31,8.886159896850586,0.715,0.0
932,9.32,8.886693954467773,0.715,0.0
933,9.33,8.887226104736328,0.715,0.0
934,9.34,8.887754440307617,0.715,0.0
935,9.35,8.888280868530273,0.715,0.0
936,9.36,8.88880443572998,0.715,0.0
937,9.37,8.889325141906738,0.715,0.0
938,9.38,8.889843940734863,0.715,0.0
939,9.39,8.890360832214355,0.715,0.0
940,9.4,8.890874862670898,0.715,0.0
941,9.41,8.891386032104492,0.715,0.0
942,9.42,8.891895294189453,0.715,0.0
943,9.43,8.892401695251465,0.715,0.0
944,9.44,8.892905235290527,0.715,0.0
945,9.45,8.893407821655273,0.715,0.0
946,9.46,8.893905639648438,0.715,0.0
947,9.47,8.894402503967285,0.715,0.0
948,9.48,8.894896507263184,0.715,0.0
949,9.49,8.895387649536133,0.715,0.0
950,9.5,8.895875930786133,0.715,0.0
951,9.51,8.896363258361816,0.715,0.0
952,9.52,8.89684772491455,0.715,0.0
953,9.53,8.897329330444336,0.715,0.0
954,9.54,8.897809028625488,0.715,0.0
955,9.55,8.898284912109375,0.715,0.0
956,9.56,8.898759841918945,0.715,0.0
957,9.57,8.899232864379883,0.715,0.0
958,9.58,8.899702072143555,0.715,0.0
959,9.59,8.900169372558594,0.715,0.0
960,9.6,8.900634765625,0.715,0.0
961,9.61,8.901097297668457,0.715,0.0
962,9.62,8.901557922363281,0.715,0.0
963,9.63,8.902016639709473,0.715,0.0
964,9.64,8.902472496032715,0.715,0.0
965,9.65,8.90292739868164,0.715,0.0
966,9.66,8.9033784866333,0.715,0.0
967,9.67,8.903828620910645,0.715,0.0
968,9.68,8.904275894165039,0.715,0.0
969,9.69,8.9047212600708,0.715,0.0
970,9.7,8.90516471862793,0.715,0.0
971,9.71,8.905606269836426,0.715,0.0
972,9.72,8.906044960021973,0.715,0.0
973,9.73,8.90648078918457,0.715,0.0
974,9.74,8.906915664672852,0.715,0.0
975,9.75,8.907347679138184,0.715,0.0
976,9.76,8.907777786254883,0.715,0.0
977,9.77,8.90820598602295,0.715,0.0
978,9.78,8.908631324768066,0.715,0.0
979,9.79,8.90905475616455,0.715,0.0
980,9.8,8.909476280212402,0.715,0.0
981,9.81,8.909895896911621,0.715,0.0
982,9.82,8.910313606262207,0.715,0.0
983,9.83,8.91072940826416,0.715,0.0
984,9.84,8.91114330291748,0.715,0.0
985,9.85,8.911554336547852,0.715,0.0
986,9.86,8.91196346282959,0.715,0.0
987,9.87,8.912370681762695,0.715,0.0
988,9.88,8.912775993347168,0.715,0.0
989,9.89,8.913179397583008,0.715,0.0
990,9.9,8.913580894470215,0.715,0.0
991,9.91,8.913979530334473,0.715,0.0
992,9.92,8.914377212524414,0.715,0.0
993,9.93,8.914772987365723,0.715,0.0
994,9.94,8.915166854858398,0.715,0.0
995,9.95,8.915557861328125,0.715,0.0
996,9.96,8.915947914123535,0.715,0.0
997,9.97,8.916336059570312,0.715,0.0
998,9.98,8.916723251342773,0.715,0.0
999,9.99,8.917107582092285,0.715,0.0
1000,10.0,8.917490005493164,0.715,0.0
1001,10.01,8.91787052154541,0.715,0.0
1002,10.02,8.918249130249023,0.715,0.0
1003,10.03,8.918625831604004,0.715,0.0
1004,10.04,8.918999671936035,0.715,0.0
1005,10.05,8.91937255859375,0.715,0.0
1006,10.06,8.919742584228516,0.715,0.0
1007,10.07,8.920111656188965,0.715,0.0
1008,10.08,8.920477867126465,0.715,0.0
1009,10.09,8.920843124389648,0.715,0.0
1010,10.1,8.9212064743042,0.715,0.0
1011,10.11,8.921568870544434,0.715,0.0
1012,10.12,8.921928405761719,0.715,0.0
1013,10.13,8.922286987304688,0.715,0.0
1014,10.14,8.922643661499023,0.715,0.0
1015,10.15,8.92299747467041,0.715,0.0
1016,10.16,8.92335033416748,0.715,0.0
1017,10.17,8.923702239990234,0.715,0.0
1018,10.18,8.924051284790039,0.715,0.0
1019,10.19,8.924398422241211,0.715,0.0
1020,10.2,8.924744606018066,0.715,0.0
1021,10.21,8.925088882446289,0.715,0.0
1022,10.22,8.925431251525879,0.715,0.0
1023,10.23,8.925771713256836,0.715,0.0
1024,10.24,8.926111221313477,0.715,0.0
1025,10.25,8.926448822021484,0.715,0.0
1026,10.26,8.926785469055176,0.715,0.0
1027,10.27,8.927119255065918,0.715,0.0
1028,10.28,8.927452087402344,0.715,0.0
1029,10.29,8.927783966064453,0.715,0.0
1030,10.3,8.928112983703613,0.715,0.0
1031,10.31,8.928441047668457,0.715,0.0
1032,10.32,8.928767204284668,0.715,0.0
1033,10.33,8.929092407226562,0.715,0.0
1034,10.34,8.929415702819824,0.715,0.0
1035,10.35,8.929737091064453,0.715,0.0
1036,10.36,8.93005657196045,0.715,0.0
1037,10.37,8.930374145507812,0.715,0.0
1038,10.38,8.930689811706543,0.715,0.0
1039,10.39,8.931004524230957,0.715,0.0
1040,10.4,8.931317329406738,0.715,0.0
1041,10.41,8.931629180908203,0.715,0.0
1042,10.42,8.931939125061035,0.715,0.0
1043,10.43,8.932247161865234,0.715,0.0
1044,10.44,8.932554244995117,0.715,0.0
1045,10.45,8.932860374450684,0.715,0.0
1046,10.46,8.9331636428833,0.715,0.0
1047,10.47,8.933466911315918,0.715,0.0
1048,10.48,8.933768272399902,0.715,0.0
1049,10.49,8.934067726135254,0.715,0.0
1050,10.5,8.934366226196289,0.715,0.0
1051,10.51,8.934662818908691,0.715,0.0
1052,10.52,8.934958457946777,0.715,0.0
1053,10.53,8.93525218963623,0.715,0.0
1054,10.54,8.935545921325684,0.715,0.0
1055,10.55,8.935836791992188,0.715,0.0
1056,10.56,8.936126708984375,0.715,0.0
1057,10.57,8.93641471862793,0.715,0.0
1058,10.58,8.936701774597168,0.715,0.0
1059,10.59,8.936986923217773,0.715,0.0
1060,10.6,8.937270164489746,0.715,0.0
1061,10.61,8.937552452087402,0.715,0.0
1062,10.62,8.937833786010742,0.715,0.0
1063,10.63,8.93811321258545,0.715,0.0
1064,10.64,8.93839168548584,0.715,0.0
1065,10.65,8.938668251037598,0.715,0.0
1066,10.66,8.938944816589355,0.715,0.0
1067,10.67,8.93921947479248,0.715,0.0
1068,10.68,8.939492225646973,0.715,0.0
1069,10.69,8.939764022827148,0.715,0.0
1070,10.7,8.940033912658691,0.715,0.0
1071,10.71,8.940302848815918,0.715,0.0
1072,10.72,8.940570831298828,0.715,0.0
1073,10.73,8.940836906433105,0.715,0.0
1074,10.74,8.94110107421875,0.715,0.0
1075,10.75,8.941365242004395,0.715,0.0
1076,10.76,8.941627502441406,0.715,0.0
1077,10.77,8.941888809204102,0.715,0.0
1078,10.78,8.94214916229248,0.715,0.0
1079,10.79,8.94240665435791,0.715,0.0
1080,10.8,8.94266414642334,0.715,0.0
1081,10.81,8.942919731140137,0.715,0.0
1082,10.82,8.943174362182617,0.715,0.0
1083,10.83,8.943427085876465,0.715,0.0
1084,10.84,8.943679809570312,0.715,0.0
1085,10.85,8.943930625915527,0.715,0.0
1086,10.86,8.944180488586426,0.715,0.0
1087,10.87,8.944428443908691,0.715,0.0
1088,10.88,8.94467544555664,0.715,0.0
1089,10.89,8.944921493530273,0.715,0.0
1090,10.9,8.94516658782959,0.715,0.0
1091,10.91,8.945409774780273,0.715,0.0
1092,10.92,8.94565200805664,0.715,0.0
1093,10.93,8.945893287658691,0.715,0.0
1094,10.94,8.946133613586426,0.715,0.0
1095,10.95,8.946372032165527,0.715,0.0
1096,10.96,8.946609497070312,0.715,0.0
1097,10.97,8.946846961975098,0.715,0.0
1098,10.98,8.94708251953125,0.715,0.0
1099,10.99,8.947317123413086,0.715,0.0
1100,11.0,8.947549819946289,0.715,0.0
1101,11.01,8.947781562805176,0.715,0.0
1102,11.02,8.948012351989746,0.715,0.0
1103,11.03,8.9482421875,0.715,0.0
1104,11.04,8.948471069335938,0.715,0.0
1105,11.05,8.948698043823242,0.715,0.0
1106,11.06,8.94892406463623,0.715,0.0
1107,11.07,8.949149131774902,0.715,0.0
1108,11.08,8.949373245239258,0.715,0.0
1109,11.09,8.94959545135498,0.715,0.0
1110,11.1,8.949817657470703,0.715,0.0
1111,11.11,8.950037956237793,0.715,0.0
1112,11.12,8.950258255004883,0.715,0.0
1113,11.13,8.95047664642334,0.715,0.0
1114,11.14,8.95069408416748,0.715,0.0
1115,11.15,8.950910568237305,0.715,0.0
1116,11.16,8.951126098632812,0.715,0.0
1117,11.17,8.951339721679688,0.715,0.0
1118,11.18,8.951552391052246,0.715,0.0
1119,11.19,8.951764106750488,0.715,0.0
1120,11.2,8.951974868774414,0.715,0.0
1121,11.21,8.952184677124023,0.715,0.0
1122,11.22,8.952393531799316,0.715,0.0
1123,11.23,8.952601432800293,0.715,0.0
1124,11.24,8.952808380126953,0.715,0.0
1125,11.25,8.95301342010498,0.715,0.0
1126,11.26,8.953218460083008,0.715,0.0
1127,11.27,8.953422546386719,0.715,0.0
1128,11.28,8.953625679016113,0.715,0.0
1129,11.29,8.953826904296875,0.715,0.0
1130,11.3,8.954028129577637,0.715,0.0
1131,11.31,8.954228401184082,0.715,0.0
1132,11.32,8.954427719116211,0.715,0.0
1133,11.33,8.954625129699707,0.715,0.0
1134,11.34,8.954821586608887,0.715,0.0
1135,11.35,8.95501708984375,0.715,0.0
1136,11.36,8.955211639404297,0.715,0.0
1137,11.37,8.955405235290527,0.715,0.0
1138,11.38,8.955597877502441,0.715,0.0
1139,11.39,8.955789566040039,0.715,0.0
1140,11.4,8.95598030090332,0.715,0.0
1141,11.41,8.956170082092285,0.715,0.0
1142,11.42,8.95635986328125,0.715,0.0
1143,11.43,8.956547737121582,0.715,0.0
1144,11.44,8.956734657287598,0.715,0.0
1145,11.45,8.956921577453613,0.715,0.0
1146,11.46,8.957106590270996,0.715,0.0
1147,11.47,8.957291603088379,0.715,0.0
1148,11.48,8.957475662231445,0.715,0.0
1149,11.49,8.957658767700195,0.715,0.0
1150,11.5,8.957839965820312,0.715,0.0
1151,11.51,8.958022117614746,0.715,0.0
1152,11.52,8.95820140838623,0.715,0.0
1153,11.53,8.958380699157715,0.715,0.0
1154,11.54,8.9585599899292,0.715,0.0
1155,11.55,8.95873737335205,0.715,0.0
1156,11.56,8.958914756774902,0.715,0.0
1157,11.57,8.959090232849121,0.715,0.0
1158,11.58,8.95926570892334,0.715,0.0
1159,11.59,8.959440231323242,0.715,0.0
1160,11.6,8.959613800048828,0.715,0.0
1161,11.61,8.959786415100098,0.715,0.0
1162,11.62,8.95995807647705,0.715,0.0
1163,11.63,8.960128784179688,0.715,0.0
1164,11.64,8.960299491882324,0.715,0.0
1165,11.65,8.960469245910645,0.715,0.0
1166,11.66,8.960637092590332,0.715,0.0
1167,11.67,8.960803985595703,0.715,0.0
1168,11.68,8.960970878601074,0.715,0.0
1169,11.69,8.961135864257812,0.715,0.0
1170,11.7,8.96130084991455,0.715,0.0
1171,11.71,8.961464881896973,0.715,0.0
1172,11.72,8.961627960205078,0.715,0.0
1173,11.73,8.961791038513184,0.715,0.0
1174,11.74,8.961952209472656,0.715,0.0
1175,11.75,8.962112426757812,0.715,0.0
1176,11.76,8.962271690368652,0.715,0.0
1177,11.77,8.962430953979492,0.715,0.0
1178,11.78,8.962589263916016,0.715,0.0
1179,11.79,8.962746620178223,0.715,0.0
1180,11.8,8.962903022766113,0.715,0.0
1181,11.81,8.963058471679688,0.715,0.0
1182,11.82,8.963212966918945,0.715,0.0
1183,11.83,8.963367462158203,0.715,0.0
1184,11.84,8.963521957397461,0.715,0.0
1185,11.85,8.963674545288086,0.715,0.0
1186,11.86,8.963826179504395,0.715,0.0
1187,11.87,8.963977813720703,0.715,0.0
1188,11.88,8.964128494262695,0.715,0.0
1189,11.89,8.964278221130371,0.715,0.0
1190,11.9,8.964427947998047,0.715,0.0
1191,11.91,8.96457576751709,0.715,0.0
1192,11.92,8.964723587036133,0.715,0.0
1193,11.93,8.964871406555176,0.715,0.0
1194,11.94,8.965017318725586,0.715,0.0
1195,11.95,8.965163230895996,0.715,0.0
1196,11.96,8.96530818939209,0.715,0.0
1197,11.97,8.965453147888184,0.715,0.0
1198,11.98,8.965596199035645,0.715,0.0
1199,11.99,8.965739250183105,0.715,0.0
1200,12.0,8.96588134765625,0.715,0.0
1201,12.01,8.966022491455078,0.715,0.0
1202,12.02,8.966163635253906,0.715,0.0
1203,12.03,8.966303825378418,0.715,0.0
1204,12.04,8.96644401550293,0.715,0.0
1205,12.05,8.966583251953125,0.715,0.0
1206,12.06,8.966720581054688,0.715,0.0
1207,12.07,8.96685791015625,0.715,0.0
1208,12.08,8.966994285583496,0.715,0.0
1209,12.09,8.967129707336426,0.715,0.0
1210,12.1,8.967264175415039,0.715,0.0
1211,12.11,8.967398643493652,0.715,0.0
1212,12.12,8.96753215789795,0.715,0.0
1213,12.13,8.967665672302246,0.715,0.0
1214,12.14,8.96779727935791,0.715,0.0
1215,12.15,8.96792984008789,0.715,0.0
1216,12.16,8.968060493469238,0.715,0.0
1217,12.17,8.968191146850586,0.715,0.0
1218,12.18,8.968321800231934,0.715,0.0
1219,12.19,8.968450546264648,0.715,0.0
1220,12.2,8.968579292297363,0.715,0.0
1221,12.21,8.968708038330078,0.715,0.0
1222,12.22,8.96883487701416,0.715,0.0
1223,12.23,8.968962669372559,0.715,0.0
1224,12.24,8.969088554382324,0.715,0.0
1225,12.25,8.96921443939209,0.715,0.0
1226,12.26,8.969339370727539,0.715,0.0
1227,12.27,8.969464302062988,0.715,0.0
1228,12.28,8.969588279724121,0.715,0.0
1229,12.29,8.969711303710938,0.715,0.0
1230,12.3,8.969833374023438,0.715,0.0
1231,12.31,8.969955444335938,0.715,0.0
1232,12.32,8.970077514648438,0.715,0.0
1233,12.33,8.970198631286621,0.715,0.0
1234,12.34,8.970318794250488,0.715,0.0
1235,12.35,8.970438003540039,0.715,0.0
1236,12.36,8.97055721282959,0.715,0.0
1237,12.37,8.970675468444824,0.715,0.0
1238,12.38,8.970793724060059,0.715,0.0
1239,12.39,8.97091007232666,0.715,0.0
1240,12.4,8.971027374267578,0.715,0.0
1241,12.41,8.971144676208496,0.715,0.0
1242,12.42,8.971260070800781,0.715,0.0
1243,12.43,8.971375465393066,0.715,0.0
1244,12.44,8.971489906311035,0.715,0.0
1245,12.45,8.971604347229004,0.715,0.0
1246,12.46,8.971717834472656,0.715,0.0
1247,12.47,8.971831321716309,0.715,0.0
1248,12.48,8.971942901611328,0.715,0.0
1249,12.49,8.972055435180664,0.715,0.0
1250,12.5,8.972167015075684,0.715,0.0
1251,12.51,8.972277641296387,0.715,0.0
1252,12.52,8.97238826751709,0.715,0.0
1253,12.53,8.972497940063477,0.715,0.0
1254,12.54,8.972607612609863,0.715,0.0
1255,12.55,8.972716331481934,0.715,0.0
1256,12.56,8.972823143005371,0.715,0.0
1257,12.57,8.972929954528809,0.715,0.0
1258,12.58,8.97303581237793,0.715,0.0
1259,12.59,8.97314167022705,0.715,0.0
1260,12.6,8.973246574401855,0.715,0.0
1261,12.61,8.973350524902344,0.715,0.0
1262,12.62,8.973454475402832,0.715,0.0
1263,12.63,8.97355842590332,0.715,0.0
1264,12.64,8.973661422729492,0.715,0.0
1265,12.65,8.973763465881348,0.715,0.0
1266,12.66,8.973865509033203,0.715,0.0
1267,12.67,8.973967552185059,0.715,0.0
1268,12.68,8.974068641662598,0.715,0.0
1269,12.69,8.97416877746582,0.715,0.0
1270,12.7,8.974268913269043,0.715,0.0
1271,12.71,8.974369049072266,0.715,0.0
1272,12.72,8.974468231201172,0.715,0.0
1273,12.73,8.974567413330078,0.715,0.0
1274,12.74,8.974665641784668,0.715,0.0
1275,12.75,8.974762916564941,0.715,0.0
1276,12.76,8.974860191345215,0.715,0.0
1277,12.77,8.974957466125488,0.715,0.0
1278,12.78,8.975053787231445,0.715,0.0
1279,12.79,8.975150108337402,0.715,0.0
1280,12.8,8.975245475769043,0.715,0.0
1281,12.81,8.975340843200684,0.715,0.0
1282,12.82,8.975435256958008,0.715,0.0
1283,12.83,8.975528717041016,0.715,0.0
1284,12.84,8.97562313079834,0.715,0.0
1285,12.85,8.975716590881348,0.715,0.0
1286,12.86,8.975809097290039,0.715,0.0
1287,12.87,8.97590160369873,0.715,0.0
1288,12.88,8.975993156433105,0.715,0.0
1289,12.89,8.97608470916748,0.715,0.0
1290,12.9,8.976176261901855,0.715,0.0
1291,12.91,8.976265907287598,0.715,0.0
1292,12.92,8.976356506347656,0.715,0.0
1293,12.93,8.976446151733398,0.715,0.0
1294,12.94,8.97653579711914,0.715,0.0
1295,12.95,8.976624488830566,0.715,0.0
1296,12.96,8.976713180541992,0.715,0.0
1297,12.97,8.976800918579102,0.715,0.0
1298,12.98,8.976888656616211,0.715,0.0
1299,12.99,8.97697639465332,0.0,0.15
1300,13.0,8.977063179016113,0.0,0.15
1301,13.01,8.97714900970459,0.0,0.15
1302,13.02,8.975367546081543,0.0,0.15
1303,13.03,8.971136093139648,0.0,0.15
1304,13.04,8.964524269104004,0.0,0.15
1305,13.05,8.955643653869629,0.0,0.15
1306,13.06,8.944063186645508,0.0,0.15
1307,13.07,8.929403305053711,0.0,0.15
1308,13.08,8.91132926940918,0.0,0.15
1309,13.09,8.889989852905273,0.0,0.15
1310,13.1,8.86559772491455,0.0,0.15
1311,13.11,8.83834457397461,0.0,0.15
1312,13.12,8.808408737182617,0.0,0.15
1313,13.13,8.775948524475098,0.0,0.15
1314,13.14,8.741117477416992,0.0,0.15
1315,13.15,8.704051971435549,0.0,0.15
1316,13.16,8.664877891540527,0.0,0.15
1317,13.17,8.62371826171875,0.0,0.15
1318,13.18,8.580682754516603,0.0,0.15
1319,13.19,8.535877227783201,0.0,0.15
1320,13.2,8.489400863647461,0.0,0.15
1321,13.21,8.441341400146483,0.0,0.15
1322,13.22,8.391788482666017,0.0,0.15
1323,13.23,8.340826988220215,0.0,0.15
1324,13.24,8.288530349731445,0.0,0.15
1325,13.25,8.234971046447754,0.0,0.15
1326,13.26,8.18022346496582,0.0,0.15
1327,13.27,8.12435245513916,0.0,0.15
1328,13.28,8.067417144775389,0.0,0.15
1329,13.29,8.009480476379395,0.0,0.15
1330,13.3,7.950597286224365,0.0,0.15
1331,13.31,7.890824317932129,0.0,0.15
1332,13.32,7.830211639404298,0.0,0.15
1333,13.33,7.768810749053955,0.0,0.15
1334,13.34,7.706667423248291,0.0,0.15
1335,13.35,7.643825054168701,0.0,0.15
1336,13.36,7.580333232879639,0.0,0.15
1337,13.37,7.516227722167969,0.0,0.15
1338,13.38,7.451554298400879,0.0,0.15
1339,13.39,7.3863487243652335,0.0,0.15
1340,13.4,7.320648670196532,0.0,0.15
1341,13.41,7.254490375518799,0.0,0.15
1342,13.42,7.187908172607423,0.0,0.15
1343,13.43,7.1209373474121085,0.0,0.15
1344,13.44,7.053610801696777,0.0,0.15
1345,13.45,6.985957622528076,0.0,0.15
1346,13.46,6.918010711669923,0.0,0.15
1347,13.47,6.849797248840332,0.0,0.15
1348,13.48,6.781349182128906,0.0,0.15
1349,13.49,6.712693214416504,0.0,0.15
1350,13.5,6.643855571746826,0.0,0.15
1351,13.51,6.574864387512207,0.0,0.15
1352,13.52,6.505743980407715,0.0,0.15
1353,13.53,6.436521053314209,0.0,0.15
1354,13.54,6.367216110229492,0.0,0.15
1355,13.55,6.297860145568848,0.0,0.15
1356,13.56,6.228470325469972,0.0,0.15
1357,13.57,6.159071922302246,0.0,0.15
1358,13.58,6.089688777923584,0.0,0.15
1359,13.59,6.020340919494629,0.0,0.15
1360,13.6,5.951050281524657,0.0,0.15
1361,13.61,5.881837844848633,0.0,0.15
1362,13.62,5.812723636627197,0.0,0.15
1363,13.63,5.7437286376953125,0.0,0.15
1364,13.64,5.674872398376465,0.0,0.15
1365,13.65,5.606173038482666,0.0,0.15
1366,13.66,5.537652492523193,0.0,0.15
1367,13.67,5.469325542449951,0.0,0.15
1368,13.68,5.401215076446533,0.0,0.15
1369,13.69,5.333334445953369,0.0,0.15
1370,13.7,5.265703201293945,0.0,0.15
1371,13.71,5.198338508605957,0.0,0.15
1372,13.72,5.131258010864258,0.0,0.15
1373,13.73,5.064476013183594,0.0,0.15
1374,13.74,4.99800968170166,0.0,0.15
1375,13.75,4.932497978210449,0.0,0.15
1376,13.76,4.866747856140137,0.0,0.15
1377,13.77,4.801362991333008,0.0,0.15
1378,13.78,4.736356258392334,0.0,0.15
1379,13.79,4.671741485595703,0.0,0.15
1380,13.8,4.607531547546387,0.0,0.15
1381,13.81,4.543739318847656,0.0,0.15
1382,13.82,4.480378150939941,0.0,0.15
1383,13.83,4.417457103729248,0.0,0.15
1384,13.84,4.3549909591674805,0.0,0.15
1385,13.85,4.29298734664917,0.0,0.15
1386,13.86,4.231461048126222,0.0,0.15
1387,13.87,4.1704187393188485,0.0,0.15
1388,13.88,4.109875679016113,0.0,0.15
1389,13.89,4.049837112426759,0.0,0.15
1390,13.9,3.990314483642578,0.0,0.15
1391,13.91,3.93131685256958,0.0,0.15
1392,13.92,3.8728530406951904,0.0,0.15
1393,13.93,3.814930438995361,0.0,0.15
1394,13.94,3.7575566768646236,0.0,0.15
1395,13.95,3.700739622116089,0.0,0.15
1396,13.96,3.644485712051392,0.0,0.15
1397,13.97,3.588801860809326,0.0,0.15
1398,13.98,3.5336930751800537,0.0,0.15
1399,13.99,3.4791646003723145,0.0,0.15
1400,14.0,3.425221443176269,0.0,0.15
1401,14.01,3.3718678951263428,0.0,0.15
1402,14.02,3.319108486175537,0.0,0.15
1403,14.03,3.2669448852539062,0.0,0.15
1404,14.04,3.2153804302215576,0.0,0.15
1405,14.05,3.1644170284271236,0.0,0.15
1406,14.06,3.114057779312134,0.0,0.15
1407,14.07,3.064303159713745,0.0,0.15
1408,14.08,3.0151522159576416,0.0,0.15
1409,14.09,2.9666082859039307,0.0,0.15
1410,14.1,2.9186687469482417,0.0,0.15
1411,14.11,2.871332883834839,0.0,0.15
1412,14.12,2.824601650238037,0.0,0.15
1413,14.13,2.778471708297729,0.0,0.15
1414,14.14,2.732941150665283,0.0,0.15
1415,14.15,2.688009023666382,0.0,0.15
1416,14.16,2.6436703205108643,0.0,0.15
1417,14.17,2.5999226570129395,0.0,0.15
1418,14.18,2.556763172149658,0.0,0.15
1419,14.19,2.5141866207122803,0.0,0.15
1420,14.2,2.4721896648406982,0.0,0.15
1421,14.21,2.4307687282562256,0.0,0.15
1422,14.22,2.3899168968200684,0.0,0.15
1423,14.23,2.349630117416382,0.0,0.15
1424,14.24,2.3099029064178467,0.0,0.15
1425,14.25,2.2707293033599854,0.0,0.15
1426,14.26,2.2321043014526367,0.0,0.15
1427,14.27,2.194020986557007,0.0,0.15
1428,14.28,2.1564741134643555,0.0,0.15
1429,14.29,2.119456052780152,0.0,0.15
1430,14.3,2.0829615592956543,0.0,0.15
1431,14.31,2.0469832420349117,0.0,0.15
1432,14.32,2.011514663696289,0.0,0.15
1433,14.33,1.976549506187439,0.0,0.15
1434,14.34,1.9420801401138303,0.0,0.15
1435,14.35,1.908100128173828,0.0,0.15
1436,14.36,1.8746023178100584,0.0,0.15
1437,14.37,1.841580510139465,0.0,0.15
1438,14.38,1.8090264797210691,0.0,0.15
1439,14.39,1.7769330739974976,0.0,0.15
1440,14.4,1.7452950477600098,0.0,0.15
1441,14.41,1.7141042947769165,0.0,0.15
1442,14.42,1.6833536624908447,0.0,0.15
1443,14.43,1.6530370712280271,0.0,0.15
1444,14.44,1.6231472492218018,0.0,0.15
1445,14.45,1.5936775207519531,0.0,0.15
1446,14.46,1.5646209716796875,0.0,0.15
1447,14.47,1.5359710454940796,0.0,0.15
1448,14.48,1.5077215433120728,0.0,0.15
1449,14.49,1.479865789413452,0.0,0.15
1450,14.5,1.452397704124451,0.0,0.15
1451,14.51,1.4253106117248535,0.0,0.15
1452,14.52,1.3985984325408936,0.0,0.15
1453,14.53,1.3722552061080933,0.0,0.15
1454,14.54,1.3462744951248171,0.0,0.15
1455,14.55,1.3206511735916138,0.0,0.15
1456,14.56,1.2953792810440063,0.0,0.15
1457,14.57,1.2704524993896484,0.0,0.15
1458,14.58,1.245866060256958,0.0,0.15
1459,14.59,1.221613883972168,0.0,0.15
1460,14.6,1.197690725326538,0.0,0.15
1461,14.61,1.174091339111328,0.0,0.15
1462,14.62,1.150810718536377,0.0,0.15
1463,14.63,1.1278436183929443,0.0,0.15
1464,14.64,1.1051852703094482,0.0,0.15
1465,14.65,1.082829833030701,0.0,0.15
1466,14.66,1.0607773065567017,0.0,0.15
1467,14.67,1.0390104055404663,0.0,0.15
1468,14.68,1.0176627635955808,0.0,0.15
1469,14.69,0.9965779185295104,0.0,0.15
1470,14.7,0.9769890904426576,0.0,0.15
1471,14.71,0.9543188810348512,0.0,0.15
1472,14.72,0.9334824085235596,0.0,0.15
1473,14.73,0.9122265577316284,0.0,0.15
1474,14.74,0.8910403847694397,0.0,0.15
1475,14.75,0.8698216080665588,0.0,0.15
1476,14.76,0.8486751914024353,0.0,0.15
1477,14.77,0.8274924159049988,0.0,0.15
1478,14.78,0.806387186050415,0.0,0.15
1479,14.79,0.7852396368980408,0.0,0.15
1480,14.8,0.7641793489456177,0.0,0.15
1481,14.81,0.7430692911148071,0.0,0.15
1482,14.82,0.7220568656921387,0.0,0.15
1483,14.83,0.6804238557815552,0.0,0.15
1484,14.84,0.5452126264572144,0.0,0.15
1485,14.85,0.4122885465621948,0.0,0.15
1486,14.86,0.2841016948223114,0.0,0.15
1487,14.87,0.2029613107442856,0.0,0.15
1488,14.88,0.037991713732481,0.0,0.15
1489,14.89,0.023154778406023983,0.0,0.15
1490,14.9,0.016078943386673927,0.0,0.15
1491,14.91,0.010306683368980885,0.0,0.15
1492,14.92,0.005456941667944193,0.0,0.15
1493,14.93,0.0013948710402473807,0.0,0.15
1494,14.94,0.0,0.0,0.15
1495,14.95,0.0,0.0,0.15
1496,14.96,0.0,0.0,0.15
1497,14.97,0.0,0.0,0.15
1498,14.98,0.0,0.0,0.15
1499,14.99,0.0,0.0,0.15
1500,15.0,0.0,0.0,0.15
1501,15.01,0.0,0.0,0.15
1502,15.02,0.0,0.0,0.15
1503,15.03,0.0,0.0,0.15
1504,15.04,0.0,0.0,0.15
1505,15.05,0.0,0.0,0.15
1506,15.06,0.0,0.0,0.15
1507,15.07,0.0,0.0,0.15
1508,15.08,0.0,0.0,0.15
1509,15.09,0.0,0.0,0.15
1510,15.1,0.0,0.0,0.15
1511,15.11,0.0,0.0,0.15
1512,15.12,0.0,0.0,0.15
1513,15.13,0.0,0.0,0.15
1514,15.14,0.0,0.0,0.15
1515,15.15,0.0,0.0,0.15
1516,15.16,0.0,0.0,0.15
1517,15.17,0.0,0.0,0.15
1518,15.18,0.0,0.0,0.15
1519,15.19,0.0,0.0,0.15
1520,15.2,0.0,0.0,0.15
1521,15.21,0.0,0.0,0.15
1522,15.22,0.0,0.0,0.15
1523,15.23,0.0,0.0,0.15
1524,15.24,0.0,0.0,0.15
1525,15.25,0.0,0.0,0.15
1526,15.26,0.0,0.0,0.15
1527,15.27,0.0,0.0,0.15
1528,15.28,0.0,0.0,0.15
1529,15.29,0.0,0.0,0.15
1530,15.3,0.0,0.0,0.15
1531,15.31,0.0,0.0,0.15
1532,15.32,0.0,0.0,0.15
1533,15.33,0.0,0.0,0.15
1534,15.34,0.0,0.0,0.15
1535,15.35,0.0,0.0,0.15
1536,15.36,0.0,0.0,0.15
1537,15.37,0.0,0.0,0.15
1538,15.38,0.0,0.0,0.15
1539,15.39,0.0,0.0,0.15
1540,15.4,0.0,0.0,0.15
1541,15.41,0.0,0.0,0.15
1542,15.42,0.0,0.0,0.15
1543,15.43,0.0,0.0,0.15
1544,15.44,0.0,0.0,0.15
1545,15.45,0.0,0.0,0.15
1546,15.46,0.0,0.0,0.15
1547,15.47,0.0,0.0,0.15
1548,15.48,0.0,0.0,0.15
1549,15.49,0.0,0.0,0.15
1550,15.5,0.0,0.0,0.15
1551,15.51,0.0,0.0,0.15
1552,15.52,0.0,0.0,0.15
1553,15.53,0.0,0.0,0.15
1554,15.54,0.0,0.0,0.15
1555,15.55,0.0,0.0,0.15
1556,15.56,0.0,0.0,0.15
1557,15.57,0.0,0.0,0.15
1558,15.58,0.0,0.0,0.15
1559,15.59,0.0,0.0,0.15
1560,15.6,0.0,0.0,0.15
1561,15.61,0.0,0.0,0.15
1562,15.62,0.0,0.0,0.15
1563,15.63,0.0,0.0,0.15
1564,15.64,0.0,0.0,0.15
1565,15.65,0.0,0.0,0.15
1566,15.66,0.0,0.0,0.15
1567,15.67,0.0,0.0,0.15
1568,15.68,0.0,0.0,0.15
1569,15.69,0.0,0.0,0.15
1570,15.7,0.0,0.0,0.15
1571,15.71,0.0,0.0,0.15
1572,15.72,0.0,0.0,0.15
1573,15.73,0.0,0.0,0.15
1574,15.74,0.0,0.0,0.15
1575,15.75,0.0,0.0,0.15
1576,15.76,0.0,0.0,0.15
1577,15.77,0.0,0.0,0.15
1578,15.78,0.0,0.0,0.15
1579,15.79,0.0,0.0,0.15
1580,15.8,0.0,0.0,0.15
1581,15.81,0.0,0.0,0.15
1582,15.82,0.0,0.0,0.15
1583,15.83,0.0,0.0,0.15
1584,15.84,0.0,0.0,0.15
1585,15.85,0.0,0.0,0.15
1586,15.86,0.0,0.0,0.15
1587,15.87,0.0,0.0,0.15
1588,15.88,0.0,0.0,0.15
1589,15.89,0.0,0.0,0.15
1590,15.9,0.0,0.0,0.15
1591,15.91,0.0,0.0,0.15
1592,15.92,0.0,0.0,0.15
1593,15.93,0.0,0.0,0.15
1594,15.94,0.0,0.0,0.15
1595,15.95,0.0,0.0,0.15
1596,15.96,0.0,0.0,0.15
1597,15.97,0.0,0.0,0.15
1598,15.98,0.0,0.0,0.15
1599,15.99,0.0,0.0,0.15
1600,16.0,0.0,0.0,0.15
1601,16.01,0.0,0.0,0.15
1602,16.02,0.0,0.0,0.15
1603,16.03,0.0,0.0,0.15
1604,16.04,0.0,0.0,0.15
1605,16.05,0.0,0.0,0.15
1606,16.06,0.0,0.0,0.15
1607,16.07,0.0,0.0,0.15
1608,16.08,0.0,0.0,0.15
1609,16.09,0.0,0.0,0.15
1610,16.1,0.0,0.0,0.15
1611,16.11,0.0,0.0,0.15
1612,16.12,0.0,0.0,0.15
1613,16.13,0.0,0.0,0.15
1614,16.14,0.0,0.0,0.15
1615,16.15,0.0,0.0,0.15
1616,16.16,0.0,0.0,0.15
1617,16.17,0.0,0.0,0.15
1618,16.18,0.0,0.0,0.15
1619,16.19,0.0,0.0,0.15
1620,16.2,0.0,0.0,0.15
1621,16.21,0.0,0.0,0.15
1622,16.22,0.0,0.0,0.15
1623,16.23,0.0,0.0,0.15
1624,16.24,0.0,0.0,0.15
1625,16.25,0.0,0.0,0.15
1626,16.26,0.0,0.0,0.15
1627,16.27,0.0,0.0,0.15
1628,16.28,0.0,0.0,0.15
1629,16.29,0.0,0.0,0.15
1630,16.3,0.0,0.0,0.15
1631,16.31,0.0,0.0,0.15
1632,16.32,0.0,0.0,0.15
1633,16.33,0.0,0.0,0.15
1634,16.34,0.0,0.0,0.15
1635,16.35,0.0,0.0,0.15
1636,16.36,0.0,0.0,0.15
1637,16.37,0.0,0.0,0.15
1638,16.38,0.0,0.0,0.15
1639,16.39,0.0,0.0,0.15
1640,16.4,0.0,0.0,0.15
1641,16.41,0.0,0.0,0.15
1642,16.42,0.0,0.0,0.15
1643,16.43,0.0,0.0,0.15
1644,16.44,0.0,0.0,0.15
1645,16.45,0.0,0.0,0.15
1646,16.46,0.0,0.0,0.15
1647,16.47,0.0,0.0,0.15
1648,16.48,0.0,0.0,0.15
1649,16.49,0.0,0.0,0.15
1650,16.5,0.0,0.0,0.15
1651,16.51,0.0,0.0,0.15
1652,16.52,0.0,0.0,0.15
1653,16.53,0.0,0.0,0.15
1654,16.54,0.0,0.0,0.15
1655,16.55,0.0,0.0,0.15
1656,16.56,0.0,0.0,0.15
1657,16.57,0.0,0.0,0.15
1658,16.58,0.0,0.0,0.15
1659,16.59,0.0,0.0,0.15
1660,16.6,0.0,0.0,0.15
1661,16.61,0.0,0.0,0.15
1662,16.62,0.0,0.0,0.15
1663,16.63,0.0,0.0,0.15
1664,16.64,0.0,0.0,0.15
1665,16.65,0.0,0.0,0.15
1666,16.66,0.0,0.0,0.15
1667,16.67,0.0,0.0,0.15
1668,16.68,0.0,0.0,0.15
1669,16.69,0.0,0.0,0.15
1670,16.7,0.0,0.0,0.15
1671,16.71,0.0,0.0,0.15
1672,16.72,0.0,0.0,0.15
1673,16.73,0.0,0.0,0.15
1674,16.74,0.0,0.0,0.15
1675,16.75,0.0,0.0,0.15
1676,16.76,0.0,0.0,0.15
1677,16.77,0.0,0.0,0.15
1678,16.78,0.0,0.0,0.15
1679,16.79,0.0,0.0,0.15
1680,16.8,0.0,0.0,0.15
1681,16.81,0.0,0.0,0.15
1682,16.82,0.0,0.0,0.15
1683,16.83,0.0,0.0,0.15
1684,16.84,0.0,0.0,0.15
1685,16.85,0.0,0.0,0.15
1686,16.86,0.0,0.0,0.15
1687,16.87,0.0,0.0,0.15
1688,16.88,0.0,0.0,0.15
1689,16.89,0.0,0.0,0.15
1690,16.9,0.0,0.0,0.15
1691,16.91,0.0,0.0,0.15
1692,16.92,0.0,0.0,0.15
1693,16.93,0.0,0.0,0.15
1694,16.94,0.0,0.0,0.15
1695,16.95,0.0,0.0,0.15
1696,16.96,0.0,0.0,0.15
1697,16.97,0.0,0.0,0.15
1698,16.98,0.0,0.0,0.15
1699,16.99,0.0,0.0,0.15
1700,17.0,0.0,0.0,0.15
1701,17.01,0.0,0.0,0.15
1702,17.02,0.0,0.0,0.15
1703,17.03,0.0,0.0,0.15
1704,17.04,0.0,0.0,0.15
1705,17.05,0.0,0.0,0.15
1706,17.06,0.0,0.0,0.15
1707,17.07,0.0,0.0,0.15
1708,17.08,0.0,0.0,0.15
1709,17.09,0.0,0.0,0.15
1710,17.1,0.0,0.0,0.15
1711,17.11,0.0,0.0,0.15
1712,17.12,0.0,0.0,0.15
1713,17.13,0.0,0.0,0.15
1714,17.14,0.0,0.0,0.15
1715,17.15,0.0,0.0,0.15
1716,17.16,0.0,0.0,0.15
1717,17.17,0.0,0.0,0.15
1718,17.18,0.0,0.0,0.15
1719,17.19,0.0,0.0,0.15
1720,17.2,0.0,0.0,0.15
1721,17.21,0.0,0.0,0.15
1722,17.22,0.0,0.0,0.15
1723,17.23,0.0,0.0,0.15
1724,17.24,0.0,0.0,0.15
1725,17.25,0.0,0.0,0.15
1726,17.26,0.0,0.0,0.15
1727,17.27,0.0,0.0,0.15
1728,17.28,0.0,0.0,0.15
1729,17.29,0.0,0.0,0.15
1730,17.3,0.0,0.0,0.15
1731,17.31,0.0,0.0,0.15
1732,17.32,0.0,0.0,0.15
1733,17.33,0.0,0.0,0.15
1734,17.34,0.0,0.0,0.15
1735,17.35,0.0,0.0,0.15
1736,17.36,0.0,0.0,0.15
1737,17.37,0.0,0.0,0.15
1738,17.38,0.0,0.0,0.15
1739,17.39,0.0,0.0,0.15
1740,17.4,0.0,0.0,0.15
1741,17.41,0.0,0.0,0.15
1742,17.42,0.0,0.0,0.15
1743,17.43,0.0,0.0,0.15
1744,17.44,0.0,0.0,0.15
1745,17.45,0.0,0.0,0.15
1746,17.46,0.0,0.0,0.15
1747,17.47,0.0,0.0,0.15
1748,17.48,0.0,0.0,0.15
1749,17.49,0.0,0.0,0.15
1750,17.5,0.0,0.0,0.15
1751,17.51,0.0,0.0,0.15
1752,17.52,0.0,0.0,0.15
1753,17.53,0.0,0.0,0.15
1754,17.54,0.0,0.0,0.15
1755,17.55,0.0,0.0,0.15
